	R1	R2
100_S100_L001	/bulk/instrument_data/imc_npmcmiseq/2021_Anowara/20211215_FC_JYDF3/211215_M01716_0039_000000000-JYDF3/Alignment_1/20211217_053845/Fastq/100_S100_L001_R1_001.fastq.gz	/bulk/instrument_data/imc_npmcmiseq/2021_Anowara/20211215_FC_JYDF3/211215_M01716_0039_000000000-JYDF3/Alignment_1/20211217_053845/Fastq/100_S100_L001_R2_001.fastq.gz
101_S101_L001	/bulk/instrument_data/imc_npmcmiseq/2021_Anowara/20211215_FC_JYDF3/211215_M01716_0039_000000000-JYDF3/Alignment_1/20211217_053845/Fastq/101_S101_L001_R1_001.fastq.gz	/bulk/instrument_data/imc_npmcmiseq/2021_Anowara/20211215_FC_JYDF3/211215_M01716_0039_000000000-JYDF3/Alignment_1/20211217_053845/Fastq/101_S101_L001_R2_001.fastq.gz
102_S102_L001	/bulk/instrument_data/imc_npmcmiseq/2021_Anowara/20211215_FC_JYDF3/211215_M01716_0039_000000000-JYDF3/Alignment_1/20211217_053845/Fastq/102_S102_L001_R1_001.fastq.gz	/bulk/instrument_data/imc_npmcmiseq/2021_Anowara/20211215_FC_JYDF3/211215_M01716_0039_000000000-JYDF3/Alignment_1/20211217_053845/Fastq/102_S102_L001_R2_001.fastq.gz
103_S103_L001	/bulk/instrument_data/imc_npmcmiseq/2021_Anowara/20211215_FC_JYDF3/211215_M01716_0039_000000000-JYDF3/Alignment_1/20211217_053845/Fastq/103_S103_L001_R1_001.fastq.gz	/bulk/instrument_data/imc_npmcmiseq/2021_Anowara/20211215_FC_JYDF3/211215_M01716_0039_000000000-JYDF3/Alignment_1/20211217_053845/Fastq/103_S103_L001_R2_001.fastq.gz
104_S104_L001	/bulk/instrument_data/imc_npmcmiseq/2021_Anowara/20211215_FC_JYDF3/211215_M01716_0039_000000000-JYDF3/Alignment_1/20211217_053845/Fastq/104_S104_L001_R1_001.fastq.gz	/bulk/instrument_data/imc_npmcmiseq/2021_Anowara/20211215_FC_JYDF3/211215_M01716_0039_000000000-JYDF3/Alignment_1/20211217_053845/Fastq/104_S104_L001_R2_001.fastq.gz
105_S105_L001	/bulk/instrument_data/imc_npmcmiseq/2021_Anowara/20211215_FC_JYDF3/211215_M01716_0039_000000000-JYDF3/Alignment_1/20211217_053845/Fastq/105_S105_L001_R1_001.fastq.gz	/bulk/instrument_data/imc_npmcmiseq/2021_Anowara/20211215_FC_JYDF3/211215_M01716_0039_000000000-JYDF3/Alignment_1/20211217_053845/Fastq/105_S105_L001_R2_001.fastq.gz
106_S106_L001	/bulk/instrument_data/imc_npmcmiseq/2021_Anowara/20211215_FC_JYDF3/211215_M01716_0039_000000000-JYDF3/Alignment_1/20211217_053845/Fastq/106_S106_L001_R1_001.fastq.gz	/bulk/instrument_data/imc_npmcmiseq/2021_Anowara/20211215_FC_JYDF3/211215_M01716_0039_000000000-JYDF3/Alignment_1/20211217_053845/Fastq/106_S106_L001_R2_001.fastq.gz
107_S107_L001	/bulk/instrument_data/imc_npmcmiseq/2021_Anowara/20211215_FC_JYDF3/211215_M01716_0039_000000000-JYDF3/Alignment_1/20211217_053845/Fastq/107_S107_L001_R1_001.fastq.gz	/bulk/instrument_data/imc_npmcmiseq/2021_Anowara/20211215_FC_JYDF3/211215_M01716_0039_000000000-JYDF3/Alignment_1/20211217_053845/Fastq/107_S107_L001_R2_001.fastq.gz
108_S108_L001	/bulk/instrument_data/imc_npmcmiseq/2021_Anowara/20211215_FC_JYDF3/211215_M01716_0039_000000000-JYDF3/Alignment_1/20211217_053845/Fastq/108_S108_L001_R1_001.fastq.gz	/bulk/instrument_data/imc_npmcmiseq/2021_Anowara/20211215_FC_JYDF3/211215_M01716_0039_000000000-JYDF3/Alignment_1/20211217_053845/Fastq/108_S108_L001_R2_001.fastq.gz
109_S109_L001	/bulk/instrument_data/imc_npmcmiseq/2021_Anowara/20211215_FC_JYDF3/211215_M01716_0039_000000000-JYDF3/Alignment_1/20211217_053845/Fastq/109_S109_L001_R1_001.fastq.gz	/bulk/instrument_data/imc_npmcmiseq/2021_Anowara/20211215_FC_JYDF3/211215_M01716_0039_000000000-JYDF3/Alignment_1/20211217_053845/Fastq/109_S109_L001_R2_001.fastq.gz
10_S10_L001	/bulk/instrument_data/imc_npmcmiseq/2021_Anowara/20211215_FC_JYDF3/211215_M01716_0039_000000000-JYDF3/Alignment_1/20211217_053845/Fastq/10_S10_L001_R1_001.fastq.gz	/bulk/instrument_data/imc_npmcmiseq/2021_Anowara/20211215_FC_JYDF3/211215_M01716_0039_000000000-JYDF3/Alignment_1/20211217_053845/Fastq/10_S10_L001_R2_001.fastq.gz
110_S110_L001	/bulk/instrument_data/imc_npmcmiseq/2021_Anowara/20211215_FC_JYDF3/211215_M01716_0039_000000000-JYDF3/Alignment_1/20211217_053845/Fastq/110_S110_L001_R1_001.fastq.gz	/bulk/instrument_data/imc_npmcmiseq/2021_Anowara/20211215_FC_JYDF3/211215_M01716_0039_000000000-JYDF3/Alignment_1/20211217_053845/Fastq/110_S110_L001_R2_001.fastq.gz
111_S111_L001	/bulk/instrument_data/imc_npmcmiseq/2021_Anowara/20211215_FC_JYDF3/211215_M01716_0039_000000000-JYDF3/Alignment_1/20211217_053845/Fastq/111_S111_L001_R1_001.fastq.gz	/bulk/instrument_data/imc_npmcmiseq/2021_Anowara/20211215_FC_JYDF3/211215_M01716_0039_000000000-JYDF3/Alignment_1/20211217_053845/Fastq/111_S111_L001_R2_001.fastq.gz
125_S125_L001	/bulk/instrument_data/imc_npmcmiseq/2021_Anowara/20211215_FC_JYDF3/211215_M01716_0039_000000000-JYDF3/Alignment_1/20211217_053845/Fastq/125_S125_L001_R1_001.fastq.gz	/bulk/instrument_data/imc_npmcmiseq/2021_Anowara/20211215_FC_JYDF3/211215_M01716_0039_000000000-JYDF3/Alignment_1/20211217_053845/Fastq/125_S125_L001_R2_001.fastq.gz
112_S112_L001	/bulk/instrument_data/imc_npmcmiseq/2021_Anowara/20211215_FC_JYDF3/211215_M01716_0039_000000000-JYDF3/Alignment_1/20211217_053845/Fastq/112_S112_L001_R1_001.fastq.gz	/bulk/instrument_data/imc_npmcmiseq/2021_Anowara/20211215_FC_JYDF3/211215_M01716_0039_000000000-JYDF3/Alignment_1/20211217_053845/Fastq/112_S112_L001_R2_001.fastq.gz
113_S113_L001	/bulk/instrument_data/imc_npmcmiseq/2021_Anowara/20211215_FC_JYDF3/211215_M01716_0039_000000000-JYDF3/Alignment_1/20211217_053845/Fastq/113_S113_L001_R1_001.fastq.gz	/bulk/instrument_data/imc_npmcmiseq/2021_Anowara/20211215_FC_JYDF3/211215_M01716_0039_000000000-JYDF3/Alignment_1/20211217_053845/Fastq/113_S113_L001_R2_001.fastq.gz
114_S114_L001	/bulk/instrument_data/imc_npmcmiseq/2021_Anowara/20211215_FC_JYDF3/211215_M01716_0039_000000000-JYDF3/Alignment_1/20211217_053845/Fastq/114_S114_L001_R1_001.fastq.gz	/bulk/instrument_data/imc_npmcmiseq/2021_Anowara/20211215_FC_JYDF3/211215_M01716_0039_000000000-JYDF3/Alignment_1/20211217_053845/Fastq/114_S114_L001_R2_001.fastq.gz
115_S115_L001	/bulk/instrument_data/imc_npmcmiseq/2021_Anowara/20211215_FC_JYDF3/211215_M01716_0039_000000000-JYDF3/Alignment_1/20211217_053845/Fastq/115_S115_L001_R1_001.fastq.gz	/bulk/instrument_data/imc_npmcmiseq/2021_Anowara/20211215_FC_JYDF3/211215_M01716_0039_000000000-JYDF3/Alignment_1/20211217_053845/Fastq/115_S115_L001_R2_001.fastq.gz
116_S116_L001	/bulk/instrument_data/imc_npmcmiseq/2021_Anowara/20211215_FC_JYDF3/211215_M01716_0039_000000000-JYDF3/Alignment_1/20211217_053845/Fastq/116_S116_L001_R1_001.fastq.gz	/bulk/instrument_data/imc_npmcmiseq/2021_Anowara/20211215_FC_JYDF3/211215_M01716_0039_000000000-JYDF3/Alignment_1/20211217_053845/Fastq/116_S116_L001_R2_001.fastq.gz
117_S117_L001	/bulk/instrument_data/imc_npmcmiseq/2021_Anowara/20211215_FC_JYDF3/211215_M01716_0039_000000000-JYDF3/Alignment_1/20211217_053845/Fastq/117_S117_L001_R1_001.fastq.gz	/bulk/instrument_data/imc_npmcmiseq/2021_Anowara/20211215_FC_JYDF3/211215_M01716_0039_000000000-JYDF3/Alignment_1/20211217_053845/Fastq/117_S117_L001_R2_001.fastq.gz
118_S118_L001	/bulk/instrument_data/imc_npmcmiseq/2021_Anowara/20211215_FC_JYDF3/211215_M01716_0039_000000000-JYDF3/Alignment_1/20211217_053845/Fastq/118_S118_L001_R1_001.fastq.gz	/bulk/instrument_data/imc_npmcmiseq/2021_Anowara/20211215_FC_JYDF3/211215_M01716_0039_000000000-JYDF3/Alignment_1/20211217_053845/Fastq/118_S118_L001_R2_001.fastq.gz
119_S119_L001	/bulk/instrument_data/imc_npmcmiseq/2021_Anowara/20211215_FC_JYDF3/211215_M01716_0039_000000000-JYDF3/Alignment_1/20211217_053845/Fastq/119_S119_L001_R1_001.fastq.gz	/bulk/instrument_data/imc_npmcmiseq/2021_Anowara/20211215_FC_JYDF3/211215_M01716_0039_000000000-JYDF3/Alignment_1/20211217_053845/Fastq/119_S119_L001_R2_001.fastq.gz
11_S11_L001	/bulk/instrument_data/imc_npmcmiseq/2021_Anowara/20211215_FC_JYDF3/211215_M01716_0039_000000000-JYDF3/Alignment_1/20211217_053845/Fastq/11_S11_L001_R1_001.fastq.gz	/bulk/instrument_data/imc_npmcmiseq/2021_Anowara/20211215_FC_JYDF3/211215_M01716_0039_000000000-JYDF3/Alignment_1/20211217_053845/Fastq/11_S11_L001_R2_001.fastq.gz
120_S120_L001	/bulk/instrument_data/imc_npmcmiseq/2021_Anowara/20211215_FC_JYDF3/211215_M01716_0039_000000000-JYDF3/Alignment_1/20211217_053845/Fastq/120_S120_L001_R1_001.fastq.gz	/bulk/instrument_data/imc_npmcmiseq/2021_Anowara/20211215_FC_JYDF3/211215_M01716_0039_000000000-JYDF3/Alignment_1/20211217_053845/Fastq/120_S120_L001_R2_001.fastq.gz
121_S121_L001	/bulk/instrument_data/imc_npmcmiseq/2021_Anowara/20211215_FC_JYDF3/211215_M01716_0039_000000000-JYDF3/Alignment_1/20211217_053845/Fastq/121_S121_L001_R1_001.fastq.gz	/bulk/instrument_data/imc_npmcmiseq/2021_Anowara/20211215_FC_JYDF3/211215_M01716_0039_000000000-JYDF3/Alignment_1/20211217_053845/Fastq/121_S121_L001_R2_001.fastq.gz
122_S122_L001	/bulk/instrument_data/imc_npmcmiseq/2021_Anowara/20211215_FC_JYDF3/211215_M01716_0039_000000000-JYDF3/Alignment_1/20211217_053845/Fastq/122_S122_L001_R1_001.fastq.gz	/bulk/instrument_data/imc_npmcmiseq/2021_Anowara/20211215_FC_JYDF3/211215_M01716_0039_000000000-JYDF3/Alignment_1/20211217_053845/Fastq/122_S122_L001_R2_001.fastq.gz
123_S123_L001	/bulk/instrument_data/imc_npmcmiseq/2021_Anowara/20211215_FC_JYDF3/211215_M01716_0039_000000000-JYDF3/Alignment_1/20211217_053845/Fastq/123_S123_L001_R1_001.fastq.gz	/bulk/instrument_data/imc_npmcmiseq/2021_Anowara/20211215_FC_JYDF3/211215_M01716_0039_000000000-JYDF3/Alignment_1/20211217_053845/Fastq/123_S123_L001_R2_001.fastq.gz
149_S149_L001	/bulk/instrument_data/imc_npmcmiseq/2021_Anowara/20211215_FC_JYDF3/211215_M01716_0039_000000000-JYDF3/Alignment_1/20211217_053845/Fastq/149_S149_L001_R1_001.fastq.gz	/bulk/instrument_data/imc_npmcmiseq/2021_Anowara/20211215_FC_JYDF3/211215_M01716_0039_000000000-JYDF3/Alignment_1/20211217_053845/Fastq/149_S149_L001_R2_001.fastq.gz
124_S124_L001	/bulk/instrument_data/imc_npmcmiseq/2021_Anowara/20211215_FC_JYDF3/211215_M01716_0039_000000000-JYDF3/Alignment_1/20211217_053845/Fastq/124_S124_L001_R1_001.fastq.gz	/bulk/instrument_data/imc_npmcmiseq/2021_Anowara/20211215_FC_JYDF3/211215_M01716_0039_000000000-JYDF3/Alignment_1/20211217_053845/Fastq/124_S124_L001_R2_001.fastq.gz
126_S126_L001	/bulk/instrument_data/imc_npmcmiseq/2021_Anowara/20211215_FC_JYDF3/211215_M01716_0039_000000000-JYDF3/Alignment_1/20211217_053845/Fastq/126_S126_L001_R1_001.fastq.gz	/bulk/instrument_data/imc_npmcmiseq/2021_Anowara/20211215_FC_JYDF3/211215_M01716_0039_000000000-JYDF3/Alignment_1/20211217_053845/Fastq/126_S126_L001_R2_001.fastq.gz
127_S127_L001	/bulk/instrument_data/imc_npmcmiseq/2021_Anowara/20211215_FC_JYDF3/211215_M01716_0039_000000000-JYDF3/Alignment_1/20211217_053845/Fastq/127_S127_L001_R1_001.fastq.gz	/bulk/instrument_data/imc_npmcmiseq/2021_Anowara/20211215_FC_JYDF3/211215_M01716_0039_000000000-JYDF3/Alignment_1/20211217_053845/Fastq/127_S127_L001_R2_001.fastq.gz
128_S128_L001	/bulk/instrument_data/imc_npmcmiseq/2021_Anowara/20211215_FC_JYDF3/211215_M01716_0039_000000000-JYDF3/Alignment_1/20211217_053845/Fastq/128_S128_L001_R1_001.fastq.gz	/bulk/instrument_data/imc_npmcmiseq/2021_Anowara/20211215_FC_JYDF3/211215_M01716_0039_000000000-JYDF3/Alignment_1/20211217_053845/Fastq/128_S128_L001_R2_001.fastq.gz
129_S129_L001	/bulk/instrument_data/imc_npmcmiseq/2021_Anowara/20211215_FC_JYDF3/211215_M01716_0039_000000000-JYDF3/Alignment_1/20211217_053845/Fastq/129_S129_L001_R1_001.fastq.gz	/bulk/instrument_data/imc_npmcmiseq/2021_Anowara/20211215_FC_JYDF3/211215_M01716_0039_000000000-JYDF3/Alignment_1/20211217_053845/Fastq/129_S129_L001_R2_001.fastq.gz
12_S12_L001	/bulk/instrument_data/imc_npmcmiseq/2021_Anowara/20211215_FC_JYDF3/211215_M01716_0039_000000000-JYDF3/Alignment_1/20211217_053845/Fastq/12_S12_L001_R1_001.fastq.gz	/bulk/instrument_data/imc_npmcmiseq/2021_Anowara/20211215_FC_JYDF3/211215_M01716_0039_000000000-JYDF3/Alignment_1/20211217_053845/Fastq/12_S12_L001_R2_001.fastq.gz
130_S130_L001	/bulk/instrument_data/imc_npmcmiseq/2021_Anowara/20211215_FC_JYDF3/211215_M01716_0039_000000000-JYDF3/Alignment_1/20211217_053845/Fastq/130_S130_L001_R1_001.fastq.gz	/bulk/instrument_data/imc_npmcmiseq/2021_Anowara/20211215_FC_JYDF3/211215_M01716_0039_000000000-JYDF3/Alignment_1/20211217_053845/Fastq/130_S130_L001_R2_001.fastq.gz
131_S131_L001	/bulk/instrument_data/imc_npmcmiseq/2021_Anowara/20211215_FC_JYDF3/211215_M01716_0039_000000000-JYDF3/Alignment_1/20211217_053845/Fastq/131_S131_L001_R1_001.fastq.gz	/bulk/instrument_data/imc_npmcmiseq/2021_Anowara/20211215_FC_JYDF3/211215_M01716_0039_000000000-JYDF3/Alignment_1/20211217_053845/Fastq/131_S131_L001_R2_001.fastq.gz
132_S132_L001	/bulk/instrument_data/imc_npmcmiseq/2021_Anowara/20211215_FC_JYDF3/211215_M01716_0039_000000000-JYDF3/Alignment_1/20211217_053845/Fastq/132_S132_L001_R1_001.fastq.gz	/bulk/instrument_data/imc_npmcmiseq/2021_Anowara/20211215_FC_JYDF3/211215_M01716_0039_000000000-JYDF3/Alignment_1/20211217_053845/Fastq/132_S132_L001_R2_001.fastq.gz
133_S133_L001	/bulk/instrument_data/imc_npmcmiseq/2021_Anowara/20211215_FC_JYDF3/211215_M01716_0039_000000000-JYDF3/Alignment_1/20211217_053845/Fastq/133_S133_L001_R1_001.fastq.gz	/bulk/instrument_data/imc_npmcmiseq/2021_Anowara/20211215_FC_JYDF3/211215_M01716_0039_000000000-JYDF3/Alignment_1/20211217_053845/Fastq/133_S133_L001_R2_001.fastq.gz
134_S134_L001	/bulk/instrument_data/imc_npmcmiseq/2021_Anowara/20211215_FC_JYDF3/211215_M01716_0039_000000000-JYDF3/Alignment_1/20211217_053845/Fastq/134_S134_L001_R1_001.fastq.gz	/bulk/instrument_data/imc_npmcmiseq/2021_Anowara/20211215_FC_JYDF3/211215_M01716_0039_000000000-JYDF3/Alignment_1/20211217_053845/Fastq/134_S134_L001_R2_001.fastq.gz
135_S135_L001	/bulk/instrument_data/imc_npmcmiseq/2021_Anowara/20211215_FC_JYDF3/211215_M01716_0039_000000000-JYDF3/Alignment_1/20211217_053845/Fastq/135_S135_L001_R1_001.fastq.gz	/bulk/instrument_data/imc_npmcmiseq/2021_Anowara/20211215_FC_JYDF3/211215_M01716_0039_000000000-JYDF3/Alignment_1/20211217_053845/Fastq/135_S135_L001_R2_001.fastq.gz
136_S136_L001	/bulk/instrument_data/imc_npmcmiseq/2021_Anowara/20211215_FC_JYDF3/211215_M01716_0039_000000000-JYDF3/Alignment_1/20211217_053845/Fastq/136_S136_L001_R1_001.fastq.gz	/bulk/instrument_data/imc_npmcmiseq/2021_Anowara/20211215_FC_JYDF3/211215_M01716_0039_000000000-JYDF3/Alignment_1/20211217_053845/Fastq/136_S136_L001_R2_001.fastq.gz
172_S172_L001	/bulk/instrument_data/imc_npmcmiseq/2021_Anowara/20211215_FC_JYDF3/211215_M01716_0039_000000000-JYDF3/Alignment_1/20211217_053845/Fastq/172_S172_L001_R1_001.fastq.gz	/bulk/instrument_data/imc_npmcmiseq/2021_Anowara/20211215_FC_JYDF3/211215_M01716_0039_000000000-JYDF3/Alignment_1/20211217_053845/Fastq/172_S172_L001_R2_001.fastq.gz
137_S137_L001	/bulk/instrument_data/imc_npmcmiseq/2021_Anowara/20211215_FC_JYDF3/211215_M01716_0039_000000000-JYDF3/Alignment_1/20211217_053845/Fastq/137_S137_L001_R1_001.fastq.gz	/bulk/instrument_data/imc_npmcmiseq/2021_Anowara/20211215_FC_JYDF3/211215_M01716_0039_000000000-JYDF3/Alignment_1/20211217_053845/Fastq/137_S137_L001_R2_001.fastq.gz
138_S138_L001	/bulk/instrument_data/imc_npmcmiseq/2021_Anowara/20211215_FC_JYDF3/211215_M01716_0039_000000000-JYDF3/Alignment_1/20211217_053845/Fastq/138_S138_L001_R1_001.fastq.gz	/bulk/instrument_data/imc_npmcmiseq/2021_Anowara/20211215_FC_JYDF3/211215_M01716_0039_000000000-JYDF3/Alignment_1/20211217_053845/Fastq/138_S138_L001_R2_001.fastq.gz
139_S139_L001	/bulk/instrument_data/imc_npmcmiseq/2021_Anowara/20211215_FC_JYDF3/211215_M01716_0039_000000000-JYDF3/Alignment_1/20211217_053845/Fastq/139_S139_L001_R1_001.fastq.gz	/bulk/instrument_data/imc_npmcmiseq/2021_Anowara/20211215_FC_JYDF3/211215_M01716_0039_000000000-JYDF3/Alignment_1/20211217_053845/Fastq/139_S139_L001_R2_001.fastq.gz
13_S13_L001	/bulk/instrument_data/imc_npmcmiseq/2021_Anowara/20211215_FC_JYDF3/211215_M01716_0039_000000000-JYDF3/Alignment_1/20211217_053845/Fastq/13_S13_L001_R1_001.fastq.gz	/bulk/instrument_data/imc_npmcmiseq/2021_Anowara/20211215_FC_JYDF3/211215_M01716_0039_000000000-JYDF3/Alignment_1/20211217_053845/Fastq/13_S13_L001_R2_001.fastq.gz
140_S140_L001	/bulk/instrument_data/imc_npmcmiseq/2021_Anowara/20211215_FC_JYDF3/211215_M01716_0039_000000000-JYDF3/Alignment_1/20211217_053845/Fastq/140_S140_L001_R1_001.fastq.gz	/bulk/instrument_data/imc_npmcmiseq/2021_Anowara/20211215_FC_JYDF3/211215_M01716_0039_000000000-JYDF3/Alignment_1/20211217_053845/Fastq/140_S140_L001_R2_001.fastq.gz
141_S141_L001	/bulk/instrument_data/imc_npmcmiseq/2021_Anowara/20211215_FC_JYDF3/211215_M01716_0039_000000000-JYDF3/Alignment_1/20211217_053845/Fastq/141_S141_L001_R1_001.fastq.gz	/bulk/instrument_data/imc_npmcmiseq/2021_Anowara/20211215_FC_JYDF3/211215_M01716_0039_000000000-JYDF3/Alignment_1/20211217_053845/Fastq/141_S141_L001_R2_001.fastq.gz
142_S142_L001	/bulk/instrument_data/imc_npmcmiseq/2021_Anowara/20211215_FC_JYDF3/211215_M01716_0039_000000000-JYDF3/Alignment_1/20211217_053845/Fastq/142_S142_L001_R1_001.fastq.gz	/bulk/instrument_data/imc_npmcmiseq/2021_Anowara/20211215_FC_JYDF3/211215_M01716_0039_000000000-JYDF3/Alignment_1/20211217_053845/Fastq/142_S142_L001_R2_001.fastq.gz
143_S143_L001	/bulk/instrument_data/imc_npmcmiseq/2021_Anowara/20211215_FC_JYDF3/211215_M01716_0039_000000000-JYDF3/Alignment_1/20211217_053845/Fastq/143_S143_L001_R1_001.fastq.gz	/bulk/instrument_data/imc_npmcmiseq/2021_Anowara/20211215_FC_JYDF3/211215_M01716_0039_000000000-JYDF3/Alignment_1/20211217_053845/Fastq/143_S143_L001_R2_001.fastq.gz
144_S144_L001	/bulk/instrument_data/imc_npmcmiseq/2021_Anowara/20211215_FC_JYDF3/211215_M01716_0039_000000000-JYDF3/Alignment_1/20211217_053845/Fastq/144_S144_L001_R1_001.fastq.gz	/bulk/instrument_data/imc_npmcmiseq/2021_Anowara/20211215_FC_JYDF3/211215_M01716_0039_000000000-JYDF3/Alignment_1/20211217_053845/Fastq/144_S144_L001_R2_001.fastq.gz
145_S145_L001	/bulk/instrument_data/imc_npmcmiseq/2021_Anowara/20211215_FC_JYDF3/211215_M01716_0039_000000000-JYDF3/Alignment_1/20211217_053845/Fastq/145_S145_L001_R1_001.fastq.gz	/bulk/instrument_data/imc_npmcmiseq/2021_Anowara/20211215_FC_JYDF3/211215_M01716_0039_000000000-JYDF3/Alignment_1/20211217_053845/Fastq/145_S145_L001_R2_001.fastq.gz
146_S146_L001	/bulk/instrument_data/imc_npmcmiseq/2021_Anowara/20211215_FC_JYDF3/211215_M01716_0039_000000000-JYDF3/Alignment_1/20211217_053845/Fastq/146_S146_L001_R1_001.fastq.gz	/bulk/instrument_data/imc_npmcmiseq/2021_Anowara/20211215_FC_JYDF3/211215_M01716_0039_000000000-JYDF3/Alignment_1/20211217_053845/Fastq/146_S146_L001_R2_001.fastq.gz
147_S147_L001	/bulk/instrument_data/imc_npmcmiseq/2021_Anowara/20211215_FC_JYDF3/211215_M01716_0039_000000000-JYDF3/Alignment_1/20211217_053845/Fastq/147_S147_L001_R1_001.fastq.gz	/bulk/instrument_data/imc_npmcmiseq/2021_Anowara/20211215_FC_JYDF3/211215_M01716_0039_000000000-JYDF3/Alignment_1/20211217_053845/Fastq/147_S147_L001_R2_001.fastq.gz
148_S148_L001	/bulk/instrument_data/imc_npmcmiseq/2021_Anowara/20211215_FC_JYDF3/211215_M01716_0039_000000000-JYDF3/Alignment_1/20211217_053845/Fastq/148_S148_L001_R1_001.fastq.gz	/bulk/instrument_data/imc_npmcmiseq/2021_Anowara/20211215_FC_JYDF3/211215_M01716_0039_000000000-JYDF3/Alignment_1/20211217_053845/Fastq/148_S148_L001_R2_001.fastq.gz
196_S196_L001	/bulk/instrument_data/imc_npmcmiseq/2021_Anowara/20211215_FC_JYDF3/211215_M01716_0039_000000000-JYDF3/Alignment_1/20211217_053845/Fastq/196_S196_L001_R1_001.fastq.gz	/bulk/instrument_data/imc_npmcmiseq/2021_Anowara/20211215_FC_JYDF3/211215_M01716_0039_000000000-JYDF3/Alignment_1/20211217_053845/Fastq/196_S196_L001_R2_001.fastq.gz
14_S14_L001	/bulk/instrument_data/imc_npmcmiseq/2021_Anowara/20211215_FC_JYDF3/211215_M01716_0039_000000000-JYDF3/Alignment_1/20211217_053845/Fastq/14_S14_L001_R1_001.fastq.gz	/bulk/instrument_data/imc_npmcmiseq/2021_Anowara/20211215_FC_JYDF3/211215_M01716_0039_000000000-JYDF3/Alignment_1/20211217_053845/Fastq/14_S14_L001_R2_001.fastq.gz
150_S150_L001	/bulk/instrument_data/imc_npmcmiseq/2021_Anowara/20211215_FC_JYDF3/211215_M01716_0039_000000000-JYDF3/Alignment_1/20211217_053845/Fastq/150_S150_L001_R1_001.fastq.gz	/bulk/instrument_data/imc_npmcmiseq/2021_Anowara/20211215_FC_JYDF3/211215_M01716_0039_000000000-JYDF3/Alignment_1/20211217_053845/Fastq/150_S150_L001_R2_001.fastq.gz
151_S151_L001	/bulk/instrument_data/imc_npmcmiseq/2021_Anowara/20211215_FC_JYDF3/211215_M01716_0039_000000000-JYDF3/Alignment_1/20211217_053845/Fastq/151_S151_L001_R1_001.fastq.gz	/bulk/instrument_data/imc_npmcmiseq/2021_Anowara/20211215_FC_JYDF3/211215_M01716_0039_000000000-JYDF3/Alignment_1/20211217_053845/Fastq/151_S151_L001_R2_001.fastq.gz
152_S152_L001	/bulk/instrument_data/imc_npmcmiseq/2021_Anowara/20211215_FC_JYDF3/211215_M01716_0039_000000000-JYDF3/Alignment_1/20211217_053845/Fastq/152_S152_L001_R1_001.fastq.gz	/bulk/instrument_data/imc_npmcmiseq/2021_Anowara/20211215_FC_JYDF3/211215_M01716_0039_000000000-JYDF3/Alignment_1/20211217_053845/Fastq/152_S152_L001_R2_001.fastq.gz
153_S153_L001	/bulk/instrument_data/imc_npmcmiseq/2021_Anowara/20211215_FC_JYDF3/211215_M01716_0039_000000000-JYDF3/Alignment_1/20211217_053845/Fastq/153_S153_L001_R1_001.fastq.gz	/bulk/instrument_data/imc_npmcmiseq/2021_Anowara/20211215_FC_JYDF3/211215_M01716_0039_000000000-JYDF3/Alignment_1/20211217_053845/Fastq/153_S153_L001_R2_001.fastq.gz
154_S154_L001	/bulk/instrument_data/imc_npmcmiseq/2021_Anowara/20211215_FC_JYDF3/211215_M01716_0039_000000000-JYDF3/Alignment_1/20211217_053845/Fastq/154_S154_L001_R1_001.fastq.gz	/bulk/instrument_data/imc_npmcmiseq/2021_Anowara/20211215_FC_JYDF3/211215_M01716_0039_000000000-JYDF3/Alignment_1/20211217_053845/Fastq/154_S154_L001_R2_001.fastq.gz
155_S155_L001	/bulk/instrument_data/imc_npmcmiseq/2021_Anowara/20211215_FC_JYDF3/211215_M01716_0039_000000000-JYDF3/Alignment_1/20211217_053845/Fastq/155_S155_L001_R1_001.fastq.gz	/bulk/instrument_data/imc_npmcmiseq/2021_Anowara/20211215_FC_JYDF3/211215_M01716_0039_000000000-JYDF3/Alignment_1/20211217_053845/Fastq/155_S155_L001_R2_001.fastq.gz
156_S156_L001	/bulk/instrument_data/imc_npmcmiseq/2021_Anowara/20211215_FC_JYDF3/211215_M01716_0039_000000000-JYDF3/Alignment_1/20211217_053845/Fastq/156_S156_L001_R1_001.fastq.gz	/bulk/instrument_data/imc_npmcmiseq/2021_Anowara/20211215_FC_JYDF3/211215_M01716_0039_000000000-JYDF3/Alignment_1/20211217_053845/Fastq/156_S156_L001_R2_001.fastq.gz
157_S157_L001	/bulk/instrument_data/imc_npmcmiseq/2021_Anowara/20211215_FC_JYDF3/211215_M01716_0039_000000000-JYDF3/Alignment_1/20211217_053845/Fastq/157_S157_L001_R1_001.fastq.gz	/bulk/instrument_data/imc_npmcmiseq/2021_Anowara/20211215_FC_JYDF3/211215_M01716_0039_000000000-JYDF3/Alignment_1/20211217_053845/Fastq/157_S157_L001_R2_001.fastq.gz
158_S158_L001	/bulk/instrument_data/imc_npmcmiseq/2021_Anowara/20211215_FC_JYDF3/211215_M01716_0039_000000000-JYDF3/Alignment_1/20211217_053845/Fastq/158_S158_L001_R1_001.fastq.gz	/bulk/instrument_data/imc_npmcmiseq/2021_Anowara/20211215_FC_JYDF3/211215_M01716_0039_000000000-JYDF3/Alignment_1/20211217_053845/Fastq/158_S158_L001_R2_001.fastq.gz
159_S159_L001	/bulk/instrument_data/imc_npmcmiseq/2021_Anowara/20211215_FC_JYDF3/211215_M01716_0039_000000000-JYDF3/Alignment_1/20211217_053845/Fastq/159_S159_L001_R1_001.fastq.gz	/bulk/instrument_data/imc_npmcmiseq/2021_Anowara/20211215_FC_JYDF3/211215_M01716_0039_000000000-JYDF3/Alignment_1/20211217_053845/Fastq/159_S159_L001_R2_001.fastq.gz
15_S15_L001	/bulk/instrument_data/imc_npmcmiseq/2021_Anowara/20211215_FC_JYDF3/211215_M01716_0039_000000000-JYDF3/Alignment_1/20211217_053845/Fastq/15_S15_L001_R1_001.fastq.gz	/bulk/instrument_data/imc_npmcmiseq/2021_Anowara/20211215_FC_JYDF3/211215_M01716_0039_000000000-JYDF3/Alignment_1/20211217_053845/Fastq/15_S15_L001_R2_001.fastq.gz
41_S41_L001	/bulk/instrument_data/imc_npmcmiseq/2021_Anowara/20211215_FC_JYDF3/211215_M01716_0039_000000000-JYDF3/Alignment_1/20211217_053845/Fastq/41_S41_L001_R1_001.fastq.gz	/bulk/instrument_data/imc_npmcmiseq/2021_Anowara/20211215_FC_JYDF3/211215_M01716_0039_000000000-JYDF3/Alignment_1/20211217_053845/Fastq/41_S41_L001_R2_001.fastq.gz
160_S160_L001	/bulk/instrument_data/imc_npmcmiseq/2021_Anowara/20211215_FC_JYDF3/211215_M01716_0039_000000000-JYDF3/Alignment_1/20211217_053845/Fastq/160_S160_L001_R1_001.fastq.gz	/bulk/instrument_data/imc_npmcmiseq/2021_Anowara/20211215_FC_JYDF3/211215_M01716_0039_000000000-JYDF3/Alignment_1/20211217_053845/Fastq/160_S160_L001_R2_001.fastq.gz
161_S161_L001	/bulk/instrument_data/imc_npmcmiseq/2021_Anowara/20211215_FC_JYDF3/211215_M01716_0039_000000000-JYDF3/Alignment_1/20211217_053845/Fastq/161_S161_L001_R1_001.fastq.gz	/bulk/instrument_data/imc_npmcmiseq/2021_Anowara/20211215_FC_JYDF3/211215_M01716_0039_000000000-JYDF3/Alignment_1/20211217_053845/Fastq/161_S161_L001_R2_001.fastq.gz
162_S162_L001	/bulk/instrument_data/imc_npmcmiseq/2021_Anowara/20211215_FC_JYDF3/211215_M01716_0039_000000000-JYDF3/Alignment_1/20211217_053845/Fastq/162_S162_L001_R1_001.fastq.gz	/bulk/instrument_data/imc_npmcmiseq/2021_Anowara/20211215_FC_JYDF3/211215_M01716_0039_000000000-JYDF3/Alignment_1/20211217_053845/Fastq/162_S162_L001_R2_001.fastq.gz
163_S163_L001	/bulk/instrument_data/imc_npmcmiseq/2021_Anowara/20211215_FC_JYDF3/211215_M01716_0039_000000000-JYDF3/Alignment_1/20211217_053845/Fastq/163_S163_L001_R1_001.fastq.gz	/bulk/instrument_data/imc_npmcmiseq/2021_Anowara/20211215_FC_JYDF3/211215_M01716_0039_000000000-JYDF3/Alignment_1/20211217_053845/Fastq/163_S163_L001_R2_001.fastq.gz
164_S164_L001	/bulk/instrument_data/imc_npmcmiseq/2021_Anowara/20211215_FC_JYDF3/211215_M01716_0039_000000000-JYDF3/Alignment_1/20211217_053845/Fastq/164_S164_L001_R1_001.fastq.gz	/bulk/instrument_data/imc_npmcmiseq/2021_Anowara/20211215_FC_JYDF3/211215_M01716_0039_000000000-JYDF3/Alignment_1/20211217_053845/Fastq/164_S164_L001_R2_001.fastq.gz
165_S165_L001	/bulk/instrument_data/imc_npmcmiseq/2021_Anowara/20211215_FC_JYDF3/211215_M01716_0039_000000000-JYDF3/Alignment_1/20211217_053845/Fastq/165_S165_L001_R1_001.fastq.gz	/bulk/instrument_data/imc_npmcmiseq/2021_Anowara/20211215_FC_JYDF3/211215_M01716_0039_000000000-JYDF3/Alignment_1/20211217_053845/Fastq/165_S165_L001_R2_001.fastq.gz
166_S166_L001	/bulk/instrument_data/imc_npmcmiseq/2021_Anowara/20211215_FC_JYDF3/211215_M01716_0039_000000000-JYDF3/Alignment_1/20211217_053845/Fastq/166_S166_L001_R1_001.fastq.gz	/bulk/instrument_data/imc_npmcmiseq/2021_Anowara/20211215_FC_JYDF3/211215_M01716_0039_000000000-JYDF3/Alignment_1/20211217_053845/Fastq/166_S166_L001_R2_001.fastq.gz
167_S167_L001	/bulk/instrument_data/imc_npmcmiseq/2021_Anowara/20211215_FC_JYDF3/211215_M01716_0039_000000000-JYDF3/Alignment_1/20211217_053845/Fastq/167_S167_L001_R1_001.fastq.gz	/bulk/instrument_data/imc_npmcmiseq/2021_Anowara/20211215_FC_JYDF3/211215_M01716_0039_000000000-JYDF3/Alignment_1/20211217_053845/Fastq/167_S167_L001_R2_001.fastq.gz
168_S168_L001	/bulk/instrument_data/imc_npmcmiseq/2021_Anowara/20211215_FC_JYDF3/211215_M01716_0039_000000000-JYDF3/Alignment_1/20211217_053845/Fastq/168_S168_L001_R1_001.fastq.gz	/bulk/instrument_data/imc_npmcmiseq/2021_Anowara/20211215_FC_JYDF3/211215_M01716_0039_000000000-JYDF3/Alignment_1/20211217_053845/Fastq/168_S168_L001_R2_001.fastq.gz
169_S169_L001	/bulk/instrument_data/imc_npmcmiseq/2021_Anowara/20211215_FC_JYDF3/211215_M01716_0039_000000000-JYDF3/Alignment_1/20211217_053845/Fastq/169_S169_L001_R1_001.fastq.gz	/bulk/instrument_data/imc_npmcmiseq/2021_Anowara/20211215_FC_JYDF3/211215_M01716_0039_000000000-JYDF3/Alignment_1/20211217_053845/Fastq/169_S169_L001_R2_001.fastq.gz
16_S16_L001	/bulk/instrument_data/imc_npmcmiseq/2021_Anowara/20211215_FC_JYDF3/211215_M01716_0039_000000000-JYDF3/Alignment_1/20211217_053845/Fastq/16_S16_L001_R1_001.fastq.gz	/bulk/instrument_data/imc_npmcmiseq/2021_Anowara/20211215_FC_JYDF3/211215_M01716_0039_000000000-JYDF3/Alignment_1/20211217_053845/Fastq/16_S16_L001_R2_001.fastq.gz
170_S170_L001	/bulk/instrument_data/imc_npmcmiseq/2021_Anowara/20211215_FC_JYDF3/211215_M01716_0039_000000000-JYDF3/Alignment_1/20211217_053845/Fastq/170_S170_L001_R1_001.fastq.gz	/bulk/instrument_data/imc_npmcmiseq/2021_Anowara/20211215_FC_JYDF3/211215_M01716_0039_000000000-JYDF3/Alignment_1/20211217_053845/Fastq/170_S170_L001_R2_001.fastq.gz
171_S171_L001	/bulk/instrument_data/imc_npmcmiseq/2021_Anowara/20211215_FC_JYDF3/211215_M01716_0039_000000000-JYDF3/Alignment_1/20211217_053845/Fastq/171_S171_L001_R1_001.fastq.gz	/bulk/instrument_data/imc_npmcmiseq/2021_Anowara/20211215_FC_JYDF3/211215_M01716_0039_000000000-JYDF3/Alignment_1/20211217_053845/Fastq/171_S171_L001_R2_001.fastq.gz
65_S65_L001	/bulk/instrument_data/imc_npmcmiseq/2021_Anowara/20211215_FC_JYDF3/211215_M01716_0039_000000000-JYDF3/Alignment_1/20211217_053845/Fastq/65_S65_L001_R1_001.fastq.gz	/bulk/instrument_data/imc_npmcmiseq/2021_Anowara/20211215_FC_JYDF3/211215_M01716_0039_000000000-JYDF3/Alignment_1/20211217_053845/Fastq/65_S65_L001_R2_001.fastq.gz
173_S173_L001	/bulk/instrument_data/imc_npmcmiseq/2021_Anowara/20211215_FC_JYDF3/211215_M01716_0039_000000000-JYDF3/Alignment_1/20211217_053845/Fastq/173_S173_L001_R1_001.fastq.gz	/bulk/instrument_data/imc_npmcmiseq/2021_Anowara/20211215_FC_JYDF3/211215_M01716_0039_000000000-JYDF3/Alignment_1/20211217_053845/Fastq/173_S173_L001_R2_001.fastq.gz
174_S174_L001	/bulk/instrument_data/imc_npmcmiseq/2021_Anowara/20211215_FC_JYDF3/211215_M01716_0039_000000000-JYDF3/Alignment_1/20211217_053845/Fastq/174_S174_L001_R1_001.fastq.gz	/bulk/instrument_data/imc_npmcmiseq/2021_Anowara/20211215_FC_JYDF3/211215_M01716_0039_000000000-JYDF3/Alignment_1/20211217_053845/Fastq/174_S174_L001_R2_001.fastq.gz
175_S175_L001	/bulk/instrument_data/imc_npmcmiseq/2021_Anowara/20211215_FC_JYDF3/211215_M01716_0039_000000000-JYDF3/Alignment_1/20211217_053845/Fastq/175_S175_L001_R1_001.fastq.gz	/bulk/instrument_data/imc_npmcmiseq/2021_Anowara/20211215_FC_JYDF3/211215_M01716_0039_000000000-JYDF3/Alignment_1/20211217_053845/Fastq/175_S175_L001_R2_001.fastq.gz
176_S176_L001	/bulk/instrument_data/imc_npmcmiseq/2021_Anowara/20211215_FC_JYDF3/211215_M01716_0039_000000000-JYDF3/Alignment_1/20211217_053845/Fastq/176_S176_L001_R1_001.fastq.gz	/bulk/instrument_data/imc_npmcmiseq/2021_Anowara/20211215_FC_JYDF3/211215_M01716_0039_000000000-JYDF3/Alignment_1/20211217_053845/Fastq/176_S176_L001_R2_001.fastq.gz
177_S177_L001	/bulk/instrument_data/imc_npmcmiseq/2021_Anowara/20211215_FC_JYDF3/211215_M01716_0039_000000000-JYDF3/Alignment_1/20211217_053845/Fastq/177_S177_L001_R1_001.fastq.gz	/bulk/instrument_data/imc_npmcmiseq/2021_Anowara/20211215_FC_JYDF3/211215_M01716_0039_000000000-JYDF3/Alignment_1/20211217_053845/Fastq/177_S177_L001_R2_001.fastq.gz
178_S178_L001	/bulk/instrument_data/imc_npmcmiseq/2021_Anowara/20211215_FC_JYDF3/211215_M01716_0039_000000000-JYDF3/Alignment_1/20211217_053845/Fastq/178_S178_L001_R1_001.fastq.gz	/bulk/instrument_data/imc_npmcmiseq/2021_Anowara/20211215_FC_JYDF3/211215_M01716_0039_000000000-JYDF3/Alignment_1/20211217_053845/Fastq/178_S178_L001_R2_001.fastq.gz
179_S179_L001	/bulk/instrument_data/imc_npmcmiseq/2021_Anowara/20211215_FC_JYDF3/211215_M01716_0039_000000000-JYDF3/Alignment_1/20211217_053845/Fastq/179_S179_L001_R1_001.fastq.gz	/bulk/instrument_data/imc_npmcmiseq/2021_Anowara/20211215_FC_JYDF3/211215_M01716_0039_000000000-JYDF3/Alignment_1/20211217_053845/Fastq/179_S179_L001_R2_001.fastq.gz
17_S17_L001	/bulk/instrument_data/imc_npmcmiseq/2021_Anowara/20211215_FC_JYDF3/211215_M01716_0039_000000000-JYDF3/Alignment_1/20211217_053845/Fastq/17_S17_L001_R1_001.fastq.gz	/bulk/instrument_data/imc_npmcmiseq/2021_Anowara/20211215_FC_JYDF3/211215_M01716_0039_000000000-JYDF3/Alignment_1/20211217_053845/Fastq/17_S17_L001_R2_001.fastq.gz
180_S180_L001	/bulk/instrument_data/imc_npmcmiseq/2021_Anowara/20211215_FC_JYDF3/211215_M01716_0039_000000000-JYDF3/Alignment_1/20211217_053845/Fastq/180_S180_L001_R1_001.fastq.gz	/bulk/instrument_data/imc_npmcmiseq/2021_Anowara/20211215_FC_JYDF3/211215_M01716_0039_000000000-JYDF3/Alignment_1/20211217_053845/Fastq/180_S180_L001_R2_001.fastq.gz
181_S181_L001	/bulk/instrument_data/imc_npmcmiseq/2021_Anowara/20211215_FC_JYDF3/211215_M01716_0039_000000000-JYDF3/Alignment_1/20211217_053845/Fastq/181_S181_L001_R1_001.fastq.gz	/bulk/instrument_data/imc_npmcmiseq/2021_Anowara/20211215_FC_JYDF3/211215_M01716_0039_000000000-JYDF3/Alignment_1/20211217_053845/Fastq/181_S181_L001_R2_001.fastq.gz
182_S182_L001	/bulk/instrument_data/imc_npmcmiseq/2021_Anowara/20211215_FC_JYDF3/211215_M01716_0039_000000000-JYDF3/Alignment_1/20211217_053845/Fastq/182_S182_L001_R1_001.fastq.gz	/bulk/instrument_data/imc_npmcmiseq/2021_Anowara/20211215_FC_JYDF3/211215_M01716_0039_000000000-JYDF3/Alignment_1/20211217_053845/Fastq/182_S182_L001_R2_001.fastq.gz
183_S183_L001	/bulk/instrument_data/imc_npmcmiseq/2021_Anowara/20211215_FC_JYDF3/211215_M01716_0039_000000000-JYDF3/Alignment_1/20211217_053845/Fastq/183_S183_L001_R1_001.fastq.gz	/bulk/instrument_data/imc_npmcmiseq/2021_Anowara/20211215_FC_JYDF3/211215_M01716_0039_000000000-JYDF3/Alignment_1/20211217_053845/Fastq/183_S183_L001_R2_001.fastq.gz
184_S184_L001	/bulk/instrument_data/imc_npmcmiseq/2021_Anowara/20211215_FC_JYDF3/211215_M01716_0039_000000000-JYDF3/Alignment_1/20211217_053845/Fastq/184_S184_L001_R1_001.fastq.gz	/bulk/instrument_data/imc_npmcmiseq/2021_Anowara/20211215_FC_JYDF3/211215_M01716_0039_000000000-JYDF3/Alignment_1/20211217_053845/Fastq/184_S184_L001_R2_001.fastq.gz
89_S89_L001	/bulk/instrument_data/imc_npmcmiseq/2021_Anowara/20211215_FC_JYDF3/211215_M01716_0039_000000000-JYDF3/Alignment_1/20211217_053845/Fastq/89_S89_L001_R1_001.fastq.gz	/bulk/instrument_data/imc_npmcmiseq/2021_Anowara/20211215_FC_JYDF3/211215_M01716_0039_000000000-JYDF3/Alignment_1/20211217_053845/Fastq/89_S89_L001_R2_001.fastq.gz
185_S185_L001	/bulk/instrument_data/imc_npmcmiseq/2021_Anowara/20211215_FC_JYDF3/211215_M01716_0039_000000000-JYDF3/Alignment_1/20211217_053845/Fastq/185_S185_L001_R1_001.fastq.gz	/bulk/instrument_data/imc_npmcmiseq/2021_Anowara/20211215_FC_JYDF3/211215_M01716_0039_000000000-JYDF3/Alignment_1/20211217_053845/Fastq/185_S185_L001_R2_001.fastq.gz
186_S186_L001	/bulk/instrument_data/imc_npmcmiseq/2021_Anowara/20211215_FC_JYDF3/211215_M01716_0039_000000000-JYDF3/Alignment_1/20211217_053845/Fastq/186_S186_L001_R1_001.fastq.gz	/bulk/instrument_data/imc_npmcmiseq/2021_Anowara/20211215_FC_JYDF3/211215_M01716_0039_000000000-JYDF3/Alignment_1/20211217_053845/Fastq/186_S186_L001_R2_001.fastq.gz
187_S187_L001	/bulk/instrument_data/imc_npmcmiseq/2021_Anowara/20211215_FC_JYDF3/211215_M01716_0039_000000000-JYDF3/Alignment_1/20211217_053845/Fastq/187_S187_L001_R1_001.fastq.gz	/bulk/instrument_data/imc_npmcmiseq/2021_Anowara/20211215_FC_JYDF3/211215_M01716_0039_000000000-JYDF3/Alignment_1/20211217_053845/Fastq/187_S187_L001_R2_001.fastq.gz
188_S188_L001	/bulk/instrument_data/imc_npmcmiseq/2021_Anowara/20211215_FC_JYDF3/211215_M01716_0039_000000000-JYDF3/Alignment_1/20211217_053845/Fastq/188_S188_L001_R1_001.fastq.gz	/bulk/instrument_data/imc_npmcmiseq/2021_Anowara/20211215_FC_JYDF3/211215_M01716_0039_000000000-JYDF3/Alignment_1/20211217_053845/Fastq/188_S188_L001_R2_001.fastq.gz
189_S189_L001	/bulk/instrument_data/imc_npmcmiseq/2021_Anowara/20211215_FC_JYDF3/211215_M01716_0039_000000000-JYDF3/Alignment_1/20211217_053845/Fastq/189_S189_L001_R1_001.fastq.gz	/bulk/instrument_data/imc_npmcmiseq/2021_Anowara/20211215_FC_JYDF3/211215_M01716_0039_000000000-JYDF3/Alignment_1/20211217_053845/Fastq/189_S189_L001_R2_001.fastq.gz
18_S18_L001	/bulk/instrument_data/imc_npmcmiseq/2021_Anowara/20211215_FC_JYDF3/211215_M01716_0039_000000000-JYDF3/Alignment_1/20211217_053845/Fastq/18_S18_L001_R1_001.fastq.gz	/bulk/instrument_data/imc_npmcmiseq/2021_Anowara/20211215_FC_JYDF3/211215_M01716_0039_000000000-JYDF3/Alignment_1/20211217_053845/Fastq/18_S18_L001_R2_001.fastq.gz
190_S190_L001	/bulk/instrument_data/imc_npmcmiseq/2021_Anowara/20211215_FC_JYDF3/211215_M01716_0039_000000000-JYDF3/Alignment_1/20211217_053845/Fastq/190_S190_L001_R1_001.fastq.gz	/bulk/instrument_data/imc_npmcmiseq/2021_Anowara/20211215_FC_JYDF3/211215_M01716_0039_000000000-JYDF3/Alignment_1/20211217_053845/Fastq/190_S190_L001_R2_001.fastq.gz
191_S191_L001	/bulk/instrument_data/imc_npmcmiseq/2021_Anowara/20211215_FC_JYDF3/211215_M01716_0039_000000000-JYDF3/Alignment_1/20211217_053845/Fastq/191_S191_L001_R1_001.fastq.gz	/bulk/instrument_data/imc_npmcmiseq/2021_Anowara/20211215_FC_JYDF3/211215_M01716_0039_000000000-JYDF3/Alignment_1/20211217_053845/Fastq/191_S191_L001_R2_001.fastq.gz
192_S192_L001	/bulk/instrument_data/imc_npmcmiseq/2021_Anowara/20211215_FC_JYDF3/211215_M01716_0039_000000000-JYDF3/Alignment_1/20211217_053845/Fastq/192_S192_L001_R1_001.fastq.gz	/bulk/instrument_data/imc_npmcmiseq/2021_Anowara/20211215_FC_JYDF3/211215_M01716_0039_000000000-JYDF3/Alignment_1/20211217_053845/Fastq/192_S192_L001_R2_001.fastq.gz
193_S193_L001	/bulk/instrument_data/imc_npmcmiseq/2021_Anowara/20211215_FC_JYDF3/211215_M01716_0039_000000000-JYDF3/Alignment_1/20211217_053845/Fastq/193_S193_L001_R1_001.fastq.gz	/bulk/instrument_data/imc_npmcmiseq/2021_Anowara/20211215_FC_JYDF3/211215_M01716_0039_000000000-JYDF3/Alignment_1/20211217_053845/Fastq/193_S193_L001_R2_001.fastq.gz
194_S194_L001	/bulk/instrument_data/imc_npmcmiseq/2021_Anowara/20211215_FC_JYDF3/211215_M01716_0039_000000000-JYDF3/Alignment_1/20211217_053845/Fastq/194_S194_L001_R1_001.fastq.gz	/bulk/instrument_data/imc_npmcmiseq/2021_Anowara/20211215_FC_JYDF3/211215_M01716_0039_000000000-JYDF3/Alignment_1/20211217_053845/Fastq/194_S194_L001_R2_001.fastq.gz
195_S195_L001	/bulk/instrument_data/imc_npmcmiseq/2021_Anowara/20211215_FC_JYDF3/211215_M01716_0039_000000000-JYDF3/Alignment_1/20211217_053845/Fastq/195_S195_L001_R1_001.fastq.gz	/bulk/instrument_data/imc_npmcmiseq/2021_Anowara/20211215_FC_JYDF3/211215_M01716_0039_000000000-JYDF3/Alignment_1/20211217_053845/Fastq/195_S195_L001_R2_001.fastq.gz
19_S19_L001	/bulk/instrument_data/imc_npmcmiseq/2021_Anowara/20211215_FC_JYDF3/211215_M01716_0039_000000000-JYDF3/Alignment_1/20211217_053845/Fastq/19_S19_L001_R1_001.fastq.gz	/bulk/instrument_data/imc_npmcmiseq/2021_Anowara/20211215_FC_JYDF3/211215_M01716_0039_000000000-JYDF3/Alignment_1/20211217_053845/Fastq/19_S19_L001_R2_001.fastq.gz
1_S1_L001	/bulk/instrument_data/imc_npmcmiseq/2021_Anowara/20211215_FC_JYDF3/211215_M01716_0039_000000000-JYDF3/Alignment_1/20211217_053845/Fastq/1_S1_L001_R1_001.fastq.gz	/bulk/instrument_data/imc_npmcmiseq/2021_Anowara/20211215_FC_JYDF3/211215_M01716_0039_000000000-JYDF3/Alignment_1/20211217_053845/Fastq/1_S1_L001_R2_001.fastq.gz
20_S20_L001	/bulk/instrument_data/imc_npmcmiseq/2021_Anowara/20211215_FC_JYDF3/211215_M01716_0039_000000000-JYDF3/Alignment_1/20211217_053845/Fastq/20_S20_L001_R1_001.fastq.gz	/bulk/instrument_data/imc_npmcmiseq/2021_Anowara/20211215_FC_JYDF3/211215_M01716_0039_000000000-JYDF3/Alignment_1/20211217_053845/Fastq/20_S20_L001_R2_001.fastq.gz
21_S21_L001	/bulk/instrument_data/imc_npmcmiseq/2021_Anowara/20211215_FC_JYDF3/211215_M01716_0039_000000000-JYDF3/Alignment_1/20211217_053845/Fastq/21_S21_L001_R1_001.fastq.gz	/bulk/instrument_data/imc_npmcmiseq/2021_Anowara/20211215_FC_JYDF3/211215_M01716_0039_000000000-JYDF3/Alignment_1/20211217_053845/Fastq/21_S21_L001_R2_001.fastq.gz
22_S22_L001	/bulk/instrument_data/imc_npmcmiseq/2021_Anowara/20211215_FC_JYDF3/211215_M01716_0039_000000000-JYDF3/Alignment_1/20211217_053845/Fastq/22_S22_L001_R1_001.fastq.gz	/bulk/instrument_data/imc_npmcmiseq/2021_Anowara/20211215_FC_JYDF3/211215_M01716_0039_000000000-JYDF3/Alignment_1/20211217_053845/Fastq/22_S22_L001_R2_001.fastq.gz
23_S23_L001	/bulk/instrument_data/imc_npmcmiseq/2021_Anowara/20211215_FC_JYDF3/211215_M01716_0039_000000000-JYDF3/Alignment_1/20211217_053845/Fastq/23_S23_L001_R1_001.fastq.gz	/bulk/instrument_data/imc_npmcmiseq/2021_Anowara/20211215_FC_JYDF3/211215_M01716_0039_000000000-JYDF3/Alignment_1/20211217_053845/Fastq/23_S23_L001_R2_001.fastq.gz
24_S24_L001	/bulk/instrument_data/imc_npmcmiseq/2021_Anowara/20211215_FC_JYDF3/211215_M01716_0039_000000000-JYDF3/Alignment_1/20211217_053845/Fastq/24_S24_L001_R1_001.fastq.gz	/bulk/instrument_data/imc_npmcmiseq/2021_Anowara/20211215_FC_JYDF3/211215_M01716_0039_000000000-JYDF3/Alignment_1/20211217_053845/Fastq/24_S24_L001_R2_001.fastq.gz
25_S25_L001	/bulk/instrument_data/imc_npmcmiseq/2021_Anowara/20211215_FC_JYDF3/211215_M01716_0039_000000000-JYDF3/Alignment_1/20211217_053845/Fastq/25_S25_L001_R1_001.fastq.gz	/bulk/instrument_data/imc_npmcmiseq/2021_Anowara/20211215_FC_JYDF3/211215_M01716_0039_000000000-JYDF3/Alignment_1/20211217_053845/Fastq/25_S25_L001_R2_001.fastq.gz
26_S26_L001	/bulk/instrument_data/imc_npmcmiseq/2021_Anowara/20211215_FC_JYDF3/211215_M01716_0039_000000000-JYDF3/Alignment_1/20211217_053845/Fastq/26_S26_L001_R1_001.fastq.gz	/bulk/instrument_data/imc_npmcmiseq/2021_Anowara/20211215_FC_JYDF3/211215_M01716_0039_000000000-JYDF3/Alignment_1/20211217_053845/Fastq/26_S26_L001_R2_001.fastq.gz
27_S27_L001	/bulk/instrument_data/imc_npmcmiseq/2021_Anowara/20211215_FC_JYDF3/211215_M01716_0039_000000000-JYDF3/Alignment_1/20211217_053845/Fastq/27_S27_L001_R1_001.fastq.gz	/bulk/instrument_data/imc_npmcmiseq/2021_Anowara/20211215_FC_JYDF3/211215_M01716_0039_000000000-JYDF3/Alignment_1/20211217_053845/Fastq/27_S27_L001_R2_001.fastq.gz
28_S28_L001	/bulk/instrument_data/imc_npmcmiseq/2021_Anowara/20211215_FC_JYDF3/211215_M01716_0039_000000000-JYDF3/Alignment_1/20211217_053845/Fastq/28_S28_L001_R1_001.fastq.gz	/bulk/instrument_data/imc_npmcmiseq/2021_Anowara/20211215_FC_JYDF3/211215_M01716_0039_000000000-JYDF3/Alignment_1/20211217_053845/Fastq/28_S28_L001_R2_001.fastq.gz
29_S29_L001	/bulk/instrument_data/imc_npmcmiseq/2021_Anowara/20211215_FC_JYDF3/211215_M01716_0039_000000000-JYDF3/Alignment_1/20211217_053845/Fastq/29_S29_L001_R1_001.fastq.gz	/bulk/instrument_data/imc_npmcmiseq/2021_Anowara/20211215_FC_JYDF3/211215_M01716_0039_000000000-JYDF3/Alignment_1/20211217_053845/Fastq/29_S29_L001_R2_001.fastq.gz
2_S2_L001	/bulk/instrument_data/imc_npmcmiseq/2021_Anowara/20211215_FC_JYDF3/211215_M01716_0039_000000000-JYDF3/Alignment_1/20211217_053845/Fastq/2_S2_L001_R1_001.fastq.gz	/bulk/instrument_data/imc_npmcmiseq/2021_Anowara/20211215_FC_JYDF3/211215_M01716_0039_000000000-JYDF3/Alignment_1/20211217_053845/Fastq/2_S2_L001_R2_001.fastq.gz
30_S30_L001	/bulk/instrument_data/imc_npmcmiseq/2021_Anowara/20211215_FC_JYDF3/211215_M01716_0039_000000000-JYDF3/Alignment_1/20211217_053845/Fastq/30_S30_L001_R1_001.fastq.gz	/bulk/instrument_data/imc_npmcmiseq/2021_Anowara/20211215_FC_JYDF3/211215_M01716_0039_000000000-JYDF3/Alignment_1/20211217_053845/Fastq/30_S30_L001_R2_001.fastq.gz
31_S31_L001	/bulk/instrument_data/imc_npmcmiseq/2021_Anowara/20211215_FC_JYDF3/211215_M01716_0039_000000000-JYDF3/Alignment_1/20211217_053845/Fastq/31_S31_L001_R1_001.fastq.gz	/bulk/instrument_data/imc_npmcmiseq/2021_Anowara/20211215_FC_JYDF3/211215_M01716_0039_000000000-JYDF3/Alignment_1/20211217_053845/Fastq/31_S31_L001_R2_001.fastq.gz
32_S32_L001	/bulk/instrument_data/imc_npmcmiseq/2021_Anowara/20211215_FC_JYDF3/211215_M01716_0039_000000000-JYDF3/Alignment_1/20211217_053845/Fastq/32_S32_L001_R1_001.fastq.gz	/bulk/instrument_data/imc_npmcmiseq/2021_Anowara/20211215_FC_JYDF3/211215_M01716_0039_000000000-JYDF3/Alignment_1/20211217_053845/Fastq/32_S32_L001_R2_001.fastq.gz
33_S33_L001	/bulk/instrument_data/imc_npmcmiseq/2021_Anowara/20211215_FC_JYDF3/211215_M01716_0039_000000000-JYDF3/Alignment_1/20211217_053845/Fastq/33_S33_L001_R1_001.fastq.gz	/bulk/instrument_data/imc_npmcmiseq/2021_Anowara/20211215_FC_JYDF3/211215_M01716_0039_000000000-JYDF3/Alignment_1/20211217_053845/Fastq/33_S33_L001_R2_001.fastq.gz
34_S34_L001	/bulk/instrument_data/imc_npmcmiseq/2021_Anowara/20211215_FC_JYDF3/211215_M01716_0039_000000000-JYDF3/Alignment_1/20211217_053845/Fastq/34_S34_L001_R1_001.fastq.gz	/bulk/instrument_data/imc_npmcmiseq/2021_Anowara/20211215_FC_JYDF3/211215_M01716_0039_000000000-JYDF3/Alignment_1/20211217_053845/Fastq/34_S34_L001_R2_001.fastq.gz
35_S35_L001	/bulk/instrument_data/imc_npmcmiseq/2021_Anowara/20211215_FC_JYDF3/211215_M01716_0039_000000000-JYDF3/Alignment_1/20211217_053845/Fastq/35_S35_L001_R1_001.fastq.gz	/bulk/instrument_data/imc_npmcmiseq/2021_Anowara/20211215_FC_JYDF3/211215_M01716_0039_000000000-JYDF3/Alignment_1/20211217_053845/Fastq/35_S35_L001_R2_001.fastq.gz
36_S36_L001	/bulk/instrument_data/imc_npmcmiseq/2021_Anowara/20211215_FC_JYDF3/211215_M01716_0039_000000000-JYDF3/Alignment_1/20211217_053845/Fastq/36_S36_L001_R1_001.fastq.gz	/bulk/instrument_data/imc_npmcmiseq/2021_Anowara/20211215_FC_JYDF3/211215_M01716_0039_000000000-JYDF3/Alignment_1/20211217_053845/Fastq/36_S36_L001_R2_001.fastq.gz
37_S37_L001	/bulk/instrument_data/imc_npmcmiseq/2021_Anowara/20211215_FC_JYDF3/211215_M01716_0039_000000000-JYDF3/Alignment_1/20211217_053845/Fastq/37_S37_L001_R1_001.fastq.gz	/bulk/instrument_data/imc_npmcmiseq/2021_Anowara/20211215_FC_JYDF3/211215_M01716_0039_000000000-JYDF3/Alignment_1/20211217_053845/Fastq/37_S37_L001_R2_001.fastq.gz
38_S38_L001	/bulk/instrument_data/imc_npmcmiseq/2021_Anowara/20211215_FC_JYDF3/211215_M01716_0039_000000000-JYDF3/Alignment_1/20211217_053845/Fastq/38_S38_L001_R1_001.fastq.gz	/bulk/instrument_data/imc_npmcmiseq/2021_Anowara/20211215_FC_JYDF3/211215_M01716_0039_000000000-JYDF3/Alignment_1/20211217_053845/Fastq/38_S38_L001_R2_001.fastq.gz
39_S39_L001	/bulk/instrument_data/imc_npmcmiseq/2021_Anowara/20211215_FC_JYDF3/211215_M01716_0039_000000000-JYDF3/Alignment_1/20211217_053845/Fastq/39_S39_L001_R1_001.fastq.gz	/bulk/instrument_data/imc_npmcmiseq/2021_Anowara/20211215_FC_JYDF3/211215_M01716_0039_000000000-JYDF3/Alignment_1/20211217_053845/Fastq/39_S39_L001_R2_001.fastq.gz
3_S3_L001	/bulk/instrument_data/imc_npmcmiseq/2021_Anowara/20211215_FC_JYDF3/211215_M01716_0039_000000000-JYDF3/Alignment_1/20211217_053845/Fastq/3_S3_L001_R1_001.fastq.gz	/bulk/instrument_data/imc_npmcmiseq/2021_Anowara/20211215_FC_JYDF3/211215_M01716_0039_000000000-JYDF3/Alignment_1/20211217_053845/Fastq/3_S3_L001_R2_001.fastq.gz
40_S40_L001	/bulk/instrument_data/imc_npmcmiseq/2021_Anowara/20211215_FC_JYDF3/211215_M01716_0039_000000000-JYDF3/Alignment_1/20211217_053845/Fastq/40_S40_L001_R1_001.fastq.gz	/bulk/instrument_data/imc_npmcmiseq/2021_Anowara/20211215_FC_JYDF3/211215_M01716_0039_000000000-JYDF3/Alignment_1/20211217_053845/Fastq/40_S40_L001_R2_001.fastq.gz
42_S42_L001	/bulk/instrument_data/imc_npmcmiseq/2021_Anowara/20211215_FC_JYDF3/211215_M01716_0039_000000000-JYDF3/Alignment_1/20211217_053845/Fastq/42_S42_L001_R1_001.fastq.gz	/bulk/instrument_data/imc_npmcmiseq/2021_Anowara/20211215_FC_JYDF3/211215_M01716_0039_000000000-JYDF3/Alignment_1/20211217_053845/Fastq/42_S42_L001_R2_001.fastq.gz
43_S43_L001	/bulk/instrument_data/imc_npmcmiseq/2021_Anowara/20211215_FC_JYDF3/211215_M01716_0039_000000000-JYDF3/Alignment_1/20211217_053845/Fastq/43_S43_L001_R1_001.fastq.gz	/bulk/instrument_data/imc_npmcmiseq/2021_Anowara/20211215_FC_JYDF3/211215_M01716_0039_000000000-JYDF3/Alignment_1/20211217_053845/Fastq/43_S43_L001_R2_001.fastq.gz
44_S44_L001	/bulk/instrument_data/imc_npmcmiseq/2021_Anowara/20211215_FC_JYDF3/211215_M01716_0039_000000000-JYDF3/Alignment_1/20211217_053845/Fastq/44_S44_L001_R1_001.fastq.gz	/bulk/instrument_data/imc_npmcmiseq/2021_Anowara/20211215_FC_JYDF3/211215_M01716_0039_000000000-JYDF3/Alignment_1/20211217_053845/Fastq/44_S44_L001_R2_001.fastq.gz
45_S45_L001	/bulk/instrument_data/imc_npmcmiseq/2021_Anowara/20211215_FC_JYDF3/211215_M01716_0039_000000000-JYDF3/Alignment_1/20211217_053845/Fastq/45_S45_L001_R1_001.fastq.gz	/bulk/instrument_data/imc_npmcmiseq/2021_Anowara/20211215_FC_JYDF3/211215_M01716_0039_000000000-JYDF3/Alignment_1/20211217_053845/Fastq/45_S45_L001_R2_001.fastq.gz
46_S46_L001	/bulk/instrument_data/imc_npmcmiseq/2021_Anowara/20211215_FC_JYDF3/211215_M01716_0039_000000000-JYDF3/Alignment_1/20211217_053845/Fastq/46_S46_L001_R1_001.fastq.gz	/bulk/instrument_data/imc_npmcmiseq/2021_Anowara/20211215_FC_JYDF3/211215_M01716_0039_000000000-JYDF3/Alignment_1/20211217_053845/Fastq/46_S46_L001_R2_001.fastq.gz
47_S47_L001	/bulk/instrument_data/imc_npmcmiseq/2021_Anowara/20211215_FC_JYDF3/211215_M01716_0039_000000000-JYDF3/Alignment_1/20211217_053845/Fastq/47_S47_L001_R1_001.fastq.gz	/bulk/instrument_data/imc_npmcmiseq/2021_Anowara/20211215_FC_JYDF3/211215_M01716_0039_000000000-JYDF3/Alignment_1/20211217_053845/Fastq/47_S47_L001_R2_001.fastq.gz
48_S48_L001	/bulk/instrument_data/imc_npmcmiseq/2021_Anowara/20211215_FC_JYDF3/211215_M01716_0039_000000000-JYDF3/Alignment_1/20211217_053845/Fastq/48_S48_L001_R1_001.fastq.gz	/bulk/instrument_data/imc_npmcmiseq/2021_Anowara/20211215_FC_JYDF3/211215_M01716_0039_000000000-JYDF3/Alignment_1/20211217_053845/Fastq/48_S48_L001_R2_001.fastq.gz
49_S49_L001	/bulk/instrument_data/imc_npmcmiseq/2021_Anowara/20211215_FC_JYDF3/211215_M01716_0039_000000000-JYDF3/Alignment_1/20211217_053845/Fastq/49_S49_L001_R1_001.fastq.gz	/bulk/instrument_data/imc_npmcmiseq/2021_Anowara/20211215_FC_JYDF3/211215_M01716_0039_000000000-JYDF3/Alignment_1/20211217_053845/Fastq/49_S49_L001_R2_001.fastq.gz
4_S4_L001	/bulk/instrument_data/imc_npmcmiseq/2021_Anowara/20211215_FC_JYDF3/211215_M01716_0039_000000000-JYDF3/Alignment_1/20211217_053845/Fastq/4_S4_L001_R1_001.fastq.gz	/bulk/instrument_data/imc_npmcmiseq/2021_Anowara/20211215_FC_JYDF3/211215_M01716_0039_000000000-JYDF3/Alignment_1/20211217_053845/Fastq/4_S4_L001_R2_001.fastq.gz
50_S50_L001	/bulk/instrument_data/imc_npmcmiseq/2021_Anowara/20211215_FC_JYDF3/211215_M01716_0039_000000000-JYDF3/Alignment_1/20211217_053845/Fastq/50_S50_L001_R1_001.fastq.gz	/bulk/instrument_data/imc_npmcmiseq/2021_Anowara/20211215_FC_JYDF3/211215_M01716_0039_000000000-JYDF3/Alignment_1/20211217_053845/Fastq/50_S50_L001_R2_001.fastq.gz
51_S51_L001	/bulk/instrument_data/imc_npmcmiseq/2021_Anowara/20211215_FC_JYDF3/211215_M01716_0039_000000000-JYDF3/Alignment_1/20211217_053845/Fastq/51_S51_L001_R1_001.fastq.gz	/bulk/instrument_data/imc_npmcmiseq/2021_Anowara/20211215_FC_JYDF3/211215_M01716_0039_000000000-JYDF3/Alignment_1/20211217_053845/Fastq/51_S51_L001_R2_001.fastq.gz
52_S52_L001	/bulk/instrument_data/imc_npmcmiseq/2021_Anowara/20211215_FC_JYDF3/211215_M01716_0039_000000000-JYDF3/Alignment_1/20211217_053845/Fastq/52_S52_L001_R1_001.fastq.gz	/bulk/instrument_data/imc_npmcmiseq/2021_Anowara/20211215_FC_JYDF3/211215_M01716_0039_000000000-JYDF3/Alignment_1/20211217_053845/Fastq/52_S52_L001_R2_001.fastq.gz
53_S53_L001	/bulk/instrument_data/imc_npmcmiseq/2021_Anowara/20211215_FC_JYDF3/211215_M01716_0039_000000000-JYDF3/Alignment_1/20211217_053845/Fastq/53_S53_L001_R1_001.fastq.gz	/bulk/instrument_data/imc_npmcmiseq/2021_Anowara/20211215_FC_JYDF3/211215_M01716_0039_000000000-JYDF3/Alignment_1/20211217_053845/Fastq/53_S53_L001_R2_001.fastq.gz
54_S54_L001	/bulk/instrument_data/imc_npmcmiseq/2021_Anowara/20211215_FC_JYDF3/211215_M01716_0039_000000000-JYDF3/Alignment_1/20211217_053845/Fastq/54_S54_L001_R1_001.fastq.gz	/bulk/instrument_data/imc_npmcmiseq/2021_Anowara/20211215_FC_JYDF3/211215_M01716_0039_000000000-JYDF3/Alignment_1/20211217_053845/Fastq/54_S54_L001_R2_001.fastq.gz
55_S55_L001	/bulk/instrument_data/imc_npmcmiseq/2021_Anowara/20211215_FC_JYDF3/211215_M01716_0039_000000000-JYDF3/Alignment_1/20211217_053845/Fastq/55_S55_L001_R1_001.fastq.gz	/bulk/instrument_data/imc_npmcmiseq/2021_Anowara/20211215_FC_JYDF3/211215_M01716_0039_000000000-JYDF3/Alignment_1/20211217_053845/Fastq/55_S55_L001_R2_001.fastq.gz
56_S56_L001	/bulk/instrument_data/imc_npmcmiseq/2021_Anowara/20211215_FC_JYDF3/211215_M01716_0039_000000000-JYDF3/Alignment_1/20211217_053845/Fastq/56_S56_L001_R1_001.fastq.gz	/bulk/instrument_data/imc_npmcmiseq/2021_Anowara/20211215_FC_JYDF3/211215_M01716_0039_000000000-JYDF3/Alignment_1/20211217_053845/Fastq/56_S56_L001_R2_001.fastq.gz
57_S57_L001	/bulk/instrument_data/imc_npmcmiseq/2021_Anowara/20211215_FC_JYDF3/211215_M01716_0039_000000000-JYDF3/Alignment_1/20211217_053845/Fastq/57_S57_L001_R1_001.fastq.gz	/bulk/instrument_data/imc_npmcmiseq/2021_Anowara/20211215_FC_JYDF3/211215_M01716_0039_000000000-JYDF3/Alignment_1/20211217_053845/Fastq/57_S57_L001_R2_001.fastq.gz
58_S58_L001	/bulk/instrument_data/imc_npmcmiseq/2021_Anowara/20211215_FC_JYDF3/211215_M01716_0039_000000000-JYDF3/Alignment_1/20211217_053845/Fastq/58_S58_L001_R1_001.fastq.gz	/bulk/instrument_data/imc_npmcmiseq/2021_Anowara/20211215_FC_JYDF3/211215_M01716_0039_000000000-JYDF3/Alignment_1/20211217_053845/Fastq/58_S58_L001_R2_001.fastq.gz
59_S59_L001	/bulk/instrument_data/imc_npmcmiseq/2021_Anowara/20211215_FC_JYDF3/211215_M01716_0039_000000000-JYDF3/Alignment_1/20211217_053845/Fastq/59_S59_L001_R1_001.fastq.gz	/bulk/instrument_data/imc_npmcmiseq/2021_Anowara/20211215_FC_JYDF3/211215_M01716_0039_000000000-JYDF3/Alignment_1/20211217_053845/Fastq/59_S59_L001_R2_001.fastq.gz
5_S5_L001	/bulk/instrument_data/imc_npmcmiseq/2021_Anowara/20211215_FC_JYDF3/211215_M01716_0039_000000000-JYDF3/Alignment_1/20211217_053845/Fastq/5_S5_L001_R1_001.fastq.gz	/bulk/instrument_data/imc_npmcmiseq/2021_Anowara/20211215_FC_JYDF3/211215_M01716_0039_000000000-JYDF3/Alignment_1/20211217_053845/Fastq/5_S5_L001_R2_001.fastq.gz
60_S60_L001	/bulk/instrument_data/imc_npmcmiseq/2021_Anowara/20211215_FC_JYDF3/211215_M01716_0039_000000000-JYDF3/Alignment_1/20211217_053845/Fastq/60_S60_L001_R1_001.fastq.gz	/bulk/instrument_data/imc_npmcmiseq/2021_Anowara/20211215_FC_JYDF3/211215_M01716_0039_000000000-JYDF3/Alignment_1/20211217_053845/Fastq/60_S60_L001_R2_001.fastq.gz
61_S61_L001	/bulk/instrument_data/imc_npmcmiseq/2021_Anowara/20211215_FC_JYDF3/211215_M01716_0039_000000000-JYDF3/Alignment_1/20211217_053845/Fastq/61_S61_L001_R1_001.fastq.gz	/bulk/instrument_data/imc_npmcmiseq/2021_Anowara/20211215_FC_JYDF3/211215_M01716_0039_000000000-JYDF3/Alignment_1/20211217_053845/Fastq/61_S61_L001_R2_001.fastq.gz
62_S62_L001	/bulk/instrument_data/imc_npmcmiseq/2021_Anowara/20211215_FC_JYDF3/211215_M01716_0039_000000000-JYDF3/Alignment_1/20211217_053845/Fastq/62_S62_L001_R1_001.fastq.gz	/bulk/instrument_data/imc_npmcmiseq/2021_Anowara/20211215_FC_JYDF3/211215_M01716_0039_000000000-JYDF3/Alignment_1/20211217_053845/Fastq/62_S62_L001_R2_001.fastq.gz
63_S63_L001	/bulk/instrument_data/imc_npmcmiseq/2021_Anowara/20211215_FC_JYDF3/211215_M01716_0039_000000000-JYDF3/Alignment_1/20211217_053845/Fastq/63_S63_L001_R1_001.fastq.gz	/bulk/instrument_data/imc_npmcmiseq/2021_Anowara/20211215_FC_JYDF3/211215_M01716_0039_000000000-JYDF3/Alignment_1/20211217_053845/Fastq/63_S63_L001_R2_001.fastq.gz
64_S64_L001	/bulk/instrument_data/imc_npmcmiseq/2021_Anowara/20211215_FC_JYDF3/211215_M01716_0039_000000000-JYDF3/Alignment_1/20211217_053845/Fastq/64_S64_L001_R1_001.fastq.gz	/bulk/instrument_data/imc_npmcmiseq/2021_Anowara/20211215_FC_JYDF3/211215_M01716_0039_000000000-JYDF3/Alignment_1/20211217_053845/Fastq/64_S64_L001_R2_001.fastq.gz
66_S66_L001	/bulk/instrument_data/imc_npmcmiseq/2021_Anowara/20211215_FC_JYDF3/211215_M01716_0039_000000000-JYDF3/Alignment_1/20211217_053845/Fastq/66_S66_L001_R1_001.fastq.gz	/bulk/instrument_data/imc_npmcmiseq/2021_Anowara/20211215_FC_JYDF3/211215_M01716_0039_000000000-JYDF3/Alignment_1/20211217_053845/Fastq/66_S66_L001_R2_001.fastq.gz
67_S67_L001	/bulk/instrument_data/imc_npmcmiseq/2021_Anowara/20211215_FC_JYDF3/211215_M01716_0039_000000000-JYDF3/Alignment_1/20211217_053845/Fastq/67_S67_L001_R1_001.fastq.gz	/bulk/instrument_data/imc_npmcmiseq/2021_Anowara/20211215_FC_JYDF3/211215_M01716_0039_000000000-JYDF3/Alignment_1/20211217_053845/Fastq/67_S67_L001_R2_001.fastq.gz
68_S68_L001	/bulk/instrument_data/imc_npmcmiseq/2021_Anowara/20211215_FC_JYDF3/211215_M01716_0039_000000000-JYDF3/Alignment_1/20211217_053845/Fastq/68_S68_L001_R1_001.fastq.gz	/bulk/instrument_data/imc_npmcmiseq/2021_Anowara/20211215_FC_JYDF3/211215_M01716_0039_000000000-JYDF3/Alignment_1/20211217_053845/Fastq/68_S68_L001_R2_001.fastq.gz
69_S69_L001	/bulk/instrument_data/imc_npmcmiseq/2021_Anowara/20211215_FC_JYDF3/211215_M01716_0039_000000000-JYDF3/Alignment_1/20211217_053845/Fastq/69_S69_L001_R1_001.fastq.gz	/bulk/instrument_data/imc_npmcmiseq/2021_Anowara/20211215_FC_JYDF3/211215_M01716_0039_000000000-JYDF3/Alignment_1/20211217_053845/Fastq/69_S69_L001_R2_001.fastq.gz
6_S6_L001	/bulk/instrument_data/imc_npmcmiseq/2021_Anowara/20211215_FC_JYDF3/211215_M01716_0039_000000000-JYDF3/Alignment_1/20211217_053845/Fastq/6_S6_L001_R1_001.fastq.gz	/bulk/instrument_data/imc_npmcmiseq/2021_Anowara/20211215_FC_JYDF3/211215_M01716_0039_000000000-JYDF3/Alignment_1/20211217_053845/Fastq/6_S6_L001_R2_001.fastq.gz
70_S70_L001	/bulk/instrument_data/imc_npmcmiseq/2021_Anowara/20211215_FC_JYDF3/211215_M01716_0039_000000000-JYDF3/Alignment_1/20211217_053845/Fastq/70_S70_L001_R1_001.fastq.gz	/bulk/instrument_data/imc_npmcmiseq/2021_Anowara/20211215_FC_JYDF3/211215_M01716_0039_000000000-JYDF3/Alignment_1/20211217_053845/Fastq/70_S70_L001_R2_001.fastq.gz
71_S71_L001	/bulk/instrument_data/imc_npmcmiseq/2021_Anowara/20211215_FC_JYDF3/211215_M01716_0039_000000000-JYDF3/Alignment_1/20211217_053845/Fastq/71_S71_L001_R1_001.fastq.gz	/bulk/instrument_data/imc_npmcmiseq/2021_Anowara/20211215_FC_JYDF3/211215_M01716_0039_000000000-JYDF3/Alignment_1/20211217_053845/Fastq/71_S71_L001_R2_001.fastq.gz
72_S72_L001	/bulk/instrument_data/imc_npmcmiseq/2021_Anowara/20211215_FC_JYDF3/211215_M01716_0039_000000000-JYDF3/Alignment_1/20211217_053845/Fastq/72_S72_L001_R1_001.fastq.gz	/bulk/instrument_data/imc_npmcmiseq/2021_Anowara/20211215_FC_JYDF3/211215_M01716_0039_000000000-JYDF3/Alignment_1/20211217_053845/Fastq/72_S72_L001_R2_001.fastq.gz
73_S73_L001	/bulk/instrument_data/imc_npmcmiseq/2021_Anowara/20211215_FC_JYDF3/211215_M01716_0039_000000000-JYDF3/Alignment_1/20211217_053845/Fastq/73_S73_L001_R1_001.fastq.gz	/bulk/instrument_data/imc_npmcmiseq/2021_Anowara/20211215_FC_JYDF3/211215_M01716_0039_000000000-JYDF3/Alignment_1/20211217_053845/Fastq/73_S73_L001_R2_001.fastq.gz
74_S74_L001	/bulk/instrument_data/imc_npmcmiseq/2021_Anowara/20211215_FC_JYDF3/211215_M01716_0039_000000000-JYDF3/Alignment_1/20211217_053845/Fastq/74_S74_L001_R1_001.fastq.gz	/bulk/instrument_data/imc_npmcmiseq/2021_Anowara/20211215_FC_JYDF3/211215_M01716_0039_000000000-JYDF3/Alignment_1/20211217_053845/Fastq/74_S74_L001_R2_001.fastq.gz
75_S75_L001	/bulk/instrument_data/imc_npmcmiseq/2021_Anowara/20211215_FC_JYDF3/211215_M01716_0039_000000000-JYDF3/Alignment_1/20211217_053845/Fastq/75_S75_L001_R1_001.fastq.gz	/bulk/instrument_data/imc_npmcmiseq/2021_Anowara/20211215_FC_JYDF3/211215_M01716_0039_000000000-JYDF3/Alignment_1/20211217_053845/Fastq/75_S75_L001_R2_001.fastq.gz
76_S76_L001	/bulk/instrument_data/imc_npmcmiseq/2021_Anowara/20211215_FC_JYDF3/211215_M01716_0039_000000000-JYDF3/Alignment_1/20211217_053845/Fastq/76_S76_L001_R1_001.fastq.gz	/bulk/instrument_data/imc_npmcmiseq/2021_Anowara/20211215_FC_JYDF3/211215_M01716_0039_000000000-JYDF3/Alignment_1/20211217_053845/Fastq/76_S76_L001_R2_001.fastq.gz
77_S77_L001	/bulk/instrument_data/imc_npmcmiseq/2021_Anowara/20211215_FC_JYDF3/211215_M01716_0039_000000000-JYDF3/Alignment_1/20211217_053845/Fastq/77_S77_L001_R1_001.fastq.gz	/bulk/instrument_data/imc_npmcmiseq/2021_Anowara/20211215_FC_JYDF3/211215_M01716_0039_000000000-JYDF3/Alignment_1/20211217_053845/Fastq/77_S77_L001_R2_001.fastq.gz
78_S78_L001	/bulk/instrument_data/imc_npmcmiseq/2021_Anowara/20211215_FC_JYDF3/211215_M01716_0039_000000000-JYDF3/Alignment_1/20211217_053845/Fastq/78_S78_L001_R1_001.fastq.gz	/bulk/instrument_data/imc_npmcmiseq/2021_Anowara/20211215_FC_JYDF3/211215_M01716_0039_000000000-JYDF3/Alignment_1/20211217_053845/Fastq/78_S78_L001_R2_001.fastq.gz
79_S79_L001	/bulk/instrument_data/imc_npmcmiseq/2021_Anowara/20211215_FC_JYDF3/211215_M01716_0039_000000000-JYDF3/Alignment_1/20211217_053845/Fastq/79_S79_L001_R1_001.fastq.gz	/bulk/instrument_data/imc_npmcmiseq/2021_Anowara/20211215_FC_JYDF3/211215_M01716_0039_000000000-JYDF3/Alignment_1/20211217_053845/Fastq/79_S79_L001_R2_001.fastq.gz
7_S7_L001	/bulk/instrument_data/imc_npmcmiseq/2021_Anowara/20211215_FC_JYDF3/211215_M01716_0039_000000000-JYDF3/Alignment_1/20211217_053845/Fastq/7_S7_L001_R1_001.fastq.gz	/bulk/instrument_data/imc_npmcmiseq/2021_Anowara/20211215_FC_JYDF3/211215_M01716_0039_000000000-JYDF3/Alignment_1/20211217_053845/Fastq/7_S7_L001_R2_001.fastq.gz
80_S80_L001	/bulk/instrument_data/imc_npmcmiseq/2021_Anowara/20211215_FC_JYDF3/211215_M01716_0039_000000000-JYDF3/Alignment_1/20211217_053845/Fastq/80_S80_L001_R1_001.fastq.gz	/bulk/instrument_data/imc_npmcmiseq/2021_Anowara/20211215_FC_JYDF3/211215_M01716_0039_000000000-JYDF3/Alignment_1/20211217_053845/Fastq/80_S80_L001_R2_001.fastq.gz
81_S81_L001	/bulk/instrument_data/imc_npmcmiseq/2021_Anowara/20211215_FC_JYDF3/211215_M01716_0039_000000000-JYDF3/Alignment_1/20211217_053845/Fastq/81_S81_L001_R1_001.fastq.gz	/bulk/instrument_data/imc_npmcmiseq/2021_Anowara/20211215_FC_JYDF3/211215_M01716_0039_000000000-JYDF3/Alignment_1/20211217_053845/Fastq/81_S81_L001_R2_001.fastq.gz
82_S82_L001	/bulk/instrument_data/imc_npmcmiseq/2021_Anowara/20211215_FC_JYDF3/211215_M01716_0039_000000000-JYDF3/Alignment_1/20211217_053845/Fastq/82_S82_L001_R1_001.fastq.gz	/bulk/instrument_data/imc_npmcmiseq/2021_Anowara/20211215_FC_JYDF3/211215_M01716_0039_000000000-JYDF3/Alignment_1/20211217_053845/Fastq/82_S82_L001_R2_001.fastq.gz
83_S83_L001	/bulk/instrument_data/imc_npmcmiseq/2021_Anowara/20211215_FC_JYDF3/211215_M01716_0039_000000000-JYDF3/Alignment_1/20211217_053845/Fastq/83_S83_L001_R1_001.fastq.gz	/bulk/instrument_data/imc_npmcmiseq/2021_Anowara/20211215_FC_JYDF3/211215_M01716_0039_000000000-JYDF3/Alignment_1/20211217_053845/Fastq/83_S83_L001_R2_001.fastq.gz
84_S84_L001	/bulk/instrument_data/imc_npmcmiseq/2021_Anowara/20211215_FC_JYDF3/211215_M01716_0039_000000000-JYDF3/Alignment_1/20211217_053845/Fastq/84_S84_L001_R1_001.fastq.gz	/bulk/instrument_data/imc_npmcmiseq/2021_Anowara/20211215_FC_JYDF3/211215_M01716_0039_000000000-JYDF3/Alignment_1/20211217_053845/Fastq/84_S84_L001_R2_001.fastq.gz
85_S85_L001	/bulk/instrument_data/imc_npmcmiseq/2021_Anowara/20211215_FC_JYDF3/211215_M01716_0039_000000000-JYDF3/Alignment_1/20211217_053845/Fastq/85_S85_L001_R1_001.fastq.gz	/bulk/instrument_data/imc_npmcmiseq/2021_Anowara/20211215_FC_JYDF3/211215_M01716_0039_000000000-JYDF3/Alignment_1/20211217_053845/Fastq/85_S85_L001_R2_001.fastq.gz
86_S86_L001	/bulk/instrument_data/imc_npmcmiseq/2021_Anowara/20211215_FC_JYDF3/211215_M01716_0039_000000000-JYDF3/Alignment_1/20211217_053845/Fastq/86_S86_L001_R1_001.fastq.gz	/bulk/instrument_data/imc_npmcmiseq/2021_Anowara/20211215_FC_JYDF3/211215_M01716_0039_000000000-JYDF3/Alignment_1/20211217_053845/Fastq/86_S86_L001_R2_001.fastq.gz
87_S87_L001	/bulk/instrument_data/imc_npmcmiseq/2021_Anowara/20211215_FC_JYDF3/211215_M01716_0039_000000000-JYDF3/Alignment_1/20211217_053845/Fastq/87_S87_L001_R1_001.fastq.gz	/bulk/instrument_data/imc_npmcmiseq/2021_Anowara/20211215_FC_JYDF3/211215_M01716_0039_000000000-JYDF3/Alignment_1/20211217_053845/Fastq/87_S87_L001_R2_001.fastq.gz
88_S88_L001	/bulk/instrument_data/imc_npmcmiseq/2021_Anowara/20211215_FC_JYDF3/211215_M01716_0039_000000000-JYDF3/Alignment_1/20211217_053845/Fastq/88_S88_L001_R1_001.fastq.gz	/bulk/instrument_data/imc_npmcmiseq/2021_Anowara/20211215_FC_JYDF3/211215_M01716_0039_000000000-JYDF3/Alignment_1/20211217_053845/Fastq/88_S88_L001_R2_001.fastq.gz
8_S8_L001	/bulk/instrument_data/imc_npmcmiseq/2021_Anowara/20211215_FC_JYDF3/211215_M01716_0039_000000000-JYDF3/Alignment_1/20211217_053845/Fastq/8_S8_L001_R1_001.fastq.gz	/bulk/instrument_data/imc_npmcmiseq/2021_Anowara/20211215_FC_JYDF3/211215_M01716_0039_000000000-JYDF3/Alignment_1/20211217_053845/Fastq/8_S8_L001_R2_001.fastq.gz
90_S90_L001	/bulk/instrument_data/imc_npmcmiseq/2021_Anowara/20211215_FC_JYDF3/211215_M01716_0039_000000000-JYDF3/Alignment_1/20211217_053845/Fastq/90_S90_L001_R1_001.fastq.gz	/bulk/instrument_data/imc_npmcmiseq/2021_Anowara/20211215_FC_JYDF3/211215_M01716_0039_000000000-JYDF3/Alignment_1/20211217_053845/Fastq/90_S90_L001_R2_001.fastq.gz
91_S91_L001	/bulk/instrument_data/imc_npmcmiseq/2021_Anowara/20211215_FC_JYDF3/211215_M01716_0039_000000000-JYDF3/Alignment_1/20211217_053845/Fastq/91_S91_L001_R1_001.fastq.gz	/bulk/instrument_data/imc_npmcmiseq/2021_Anowara/20211215_FC_JYDF3/211215_M01716_0039_000000000-JYDF3/Alignment_1/20211217_053845/Fastq/91_S91_L001_R2_001.fastq.gz
92_S92_L001	/bulk/instrument_data/imc_npmcmiseq/2021_Anowara/20211215_FC_JYDF3/211215_M01716_0039_000000000-JYDF3/Alignment_1/20211217_053845/Fastq/92_S92_L001_R1_001.fastq.gz	/bulk/instrument_data/imc_npmcmiseq/2021_Anowara/20211215_FC_JYDF3/211215_M01716_0039_000000000-JYDF3/Alignment_1/20211217_053845/Fastq/92_S92_L001_R2_001.fastq.gz
93_S93_L001	/bulk/instrument_data/imc_npmcmiseq/2021_Anowara/20211215_FC_JYDF3/211215_M01716_0039_000000000-JYDF3/Alignment_1/20211217_053845/Fastq/93_S93_L001_R1_001.fastq.gz	/bulk/instrument_data/imc_npmcmiseq/2021_Anowara/20211215_FC_JYDF3/211215_M01716_0039_000000000-JYDF3/Alignment_1/20211217_053845/Fastq/93_S93_L001_R2_001.fastq.gz
94_S94_L001	/bulk/instrument_data/imc_npmcmiseq/2021_Anowara/20211215_FC_JYDF3/211215_M01716_0039_000000000-JYDF3/Alignment_1/20211217_053845/Fastq/94_S94_L001_R1_001.fastq.gz	/bulk/instrument_data/imc_npmcmiseq/2021_Anowara/20211215_FC_JYDF3/211215_M01716_0039_000000000-JYDF3/Alignment_1/20211217_053845/Fastq/94_S94_L001_R2_001.fastq.gz
95_S95_L001	/bulk/instrument_data/imc_npmcmiseq/2021_Anowara/20211215_FC_JYDF3/211215_M01716_0039_000000000-JYDF3/Alignment_1/20211217_053845/Fastq/95_S95_L001_R1_001.fastq.gz	/bulk/instrument_data/imc_npmcmiseq/2021_Anowara/20211215_FC_JYDF3/211215_M01716_0039_000000000-JYDF3/Alignment_1/20211217_053845/Fastq/95_S95_L001_R2_001.fastq.gz
96_S96_L001	/bulk/instrument_data/imc_npmcmiseq/2021_Anowara/20211215_FC_JYDF3/211215_M01716_0039_000000000-JYDF3/Alignment_1/20211217_053845/Fastq/96_S96_L001_R1_001.fastq.gz	/bulk/instrument_data/imc_npmcmiseq/2021_Anowara/20211215_FC_JYDF3/211215_M01716_0039_000000000-JYDF3/Alignment_1/20211217_053845/Fastq/96_S96_L001_R2_001.fastq.gz
97_S97_L001	/bulk/instrument_data/imc_npmcmiseq/2021_Anowara/20211215_FC_JYDF3/211215_M01716_0039_000000000-JYDF3/Alignment_1/20211217_053845/Fastq/97_S97_L001_R1_001.fastq.gz	/bulk/instrument_data/imc_npmcmiseq/2021_Anowara/20211215_FC_JYDF3/211215_M01716_0039_000000000-JYDF3/Alignment_1/20211217_053845/Fastq/97_S97_L001_R2_001.fastq.gz
98_S98_L001	/bulk/instrument_data/imc_npmcmiseq/2021_Anowara/20211215_FC_JYDF3/211215_M01716_0039_000000000-JYDF3/Alignment_1/20211217_053845/Fastq/98_S98_L001_R1_001.fastq.gz	/bulk/instrument_data/imc_npmcmiseq/2021_Anowara/20211215_FC_JYDF3/211215_M01716_0039_000000000-JYDF3/Alignment_1/20211217_053845/Fastq/98_S98_L001_R2_001.fastq.gz
99_S99_L001	/bulk/instrument_data/imc_npmcmiseq/2021_Anowara/20211215_FC_JYDF3/211215_M01716_0039_000000000-JYDF3/Alignment_1/20211217_053845/Fastq/99_S99_L001_R1_001.fastq.gz	/bulk/instrument_data/imc_npmcmiseq/2021_Anowara/20211215_FC_JYDF3/211215_M01716_0039_000000000-JYDF3/Alignment_1/20211217_053845/Fastq/99_S99_L001_R2_001.fastq.gz
9_S9_L001	/bulk/instrument_data/imc_npmcmiseq/2021_Anowara/20211215_FC_JYDF3/211215_M01716_0039_000000000-JYDF3/Alignment_1/20211217_053845/Fastq/9_S9_L001_R1_001.fastq.gz	/bulk/instrument_data/imc_npmcmiseq/2021_Anowara/20211215_FC_JYDF3/211215_M01716_0039_000000000-JYDF3/Alignment_1/20211217_053845/Fastq/9_S9_L001_R2_001.fastq.gz
DNA-st_S198_L001	/bulk/instrument_data/imc_npmcmiseq/2021_Anowara/20211215_FC_JYDF3/211215_M01716_0039_000000000-JYDF3/Alignment_1/20211217_053845/Fastq/DNA-st_S198_L001_R1_001.fastq.gz	/bulk/instrument_data/imc_npmcmiseq/2021_Anowara/20211215_FC_JYDF3/211215_M01716_0039_000000000-JYDF3/Alignment_1/20211217_053845/Fastq/DNA-st_S198_L001_R2_001.fastq.gz
Water-control_S197_L001	/bulk/instrument_data/imc_npmcmiseq/2021_Anowara/20211215_FC_JYDF3/211215_M01716_0039_000000000-JYDF3/Alignment_1/20211217_053845/Fastq/Water-control_S197_L001_R1_001.fastq.gz	/bulk/instrument_data/imc_npmcmiseq/2021_Anowara/20211215_FC_JYDF3/211215_M01716_0039_000000000-JYDF3/Alignment_1/20211217_053845/Fastq/Water-control_S197_L001_R2_001.fastq.gz
